,name
1,Michael
2,James
3,John
4,Robert
5,David
6,William
7,Mary
8,Christopher
9,Joseph
10,Richard
11,Daniel
12,Thomas
13,Matthew
14,Jennifer
15,Charles
16,Anthony
17,Patricia
18,Linda
19,Mark
20,Elizabeth
21,Joshua
22,Steven
23,Andrew
24,Kevin
25,Brian
26,Barbara
27,Jessica
28,Jason
29,Susan
30,Timothy
31,Paul
32,Kenneth
33,Lisa
34,Ryan
35,Sarah
36,Karen
37,Jeffrey
38,Donald
39,Ashley
40,Eric
41,Jacob
42,Nicholas
43,Jonathan
44,Ronald
45,Michelle
46,Kimberly
47,Nancy
48,Justin
49,Sandra
50,Amanda
51,Brandon
52,Stephanie
53,Emily
54,Melissa
55,Gary
56,Edward
57,Stephen
58,Scott
59,George
60,Donna
61,Jose
62,Rebecca
63,Deborah
64,Laura
65,Cynthia
66,Carol
67,Amy
68,Margaret
69,Gregory
70,Sharon
71,Larry
72,Angela
73,Maria
74,Alexander
75,Benjamin
76,Nicole
77,Kathleen
78,Patrick
79,Samantha
80,Tyler
81,Samuel
82,Betty
83,Brenda
84,Pamela
85,Aaron
86,Kelly
87,Heather
88,Rachel
89,Adam
90,Christine
91,Zachary
92,Debra
93,Katherine
94,Dennis
95,Nathan
96,Christina
97,Julie
98,Jordan
99,Kyle
100,Anna
