,surname
1,SMITH
2,JOHNSON
3,WILLIAMS
4,BROWN
5,JONES
6,GARCIA
7,RODRIGUEZ
8,MILLER
9,MARTINEZ
10,DAVIS
11,HERNANDEZ
12,LOPEZ
13,GONZALEZ
14,WILSON
15,ANDERSON
16,THOMAS
17,TAYLOR
18,LEE
19,MOORE
20,JACKSON
21,PEREZ
22,MARTIN
23,THOMPSON
24,WHITE
25,SANCHEZ
26,HARRIS
27,RAMIREZ
28,CLARK
29,LEWIS
30,ROBINSON
31,WALKER
32,YOUNG
33,HALL
34,ALLEN
35,TORRES
36,NGUYEN
37,WRIGHT
38,FLORES
39,KING
40,SCOTT
41,RIVERA
42,GREEN
43,HILL
44,ADAMS
45,BAKER
46,NELSON
47,MITCHELL
48,CAMPBELL
49,GOMEZ
50,CARTER
51,ROBERTS
52,DIAZ
53,PHILLIPS
54,EVANS
55,TURNER
56,REYES
57,CRUZ
58,PARKER
59,EDWARDS
60,COLLINS
61,STEWART
62,MORRIS
63,MORALES
64,ORTIZ
65,GUTIERREZ
66,MURPHY
67,ROGERS
68,COOK
69,KIM
70,MORGAN
71,COOPER
72,RAMOS
73,PETERSON
74,GONZALES
75,BELL
76,REED
77,BAILEY
78,CHAVEZ
79,KELLY
80,HOWARD
81,RICHARDSON
82,WARD
83,COX
84,RUIZ
85,BROOKS
86,WATSON
87,WOOD
88,JAMES
89,MENDOZA
90,GRAY
91,BENNETT
92,ALVAREZ
93,CASTILLO
94,PRICE
95,HUGHES
96,VASQUEZ
97,SANDERS
98,JIMENEZ
99,LONG
100,FOSTER
